"Identificação do post","Identificação da conta","Nome de usuário da conta","Nome da conta",Descrição,"Duração (s)","Horário de publicação","Link permanente","Tipo de post","Comentário de dados",Data,Visualizações,Curtidas,Compartilhamentos,Comentários,Salvamentos,Alcance,Seguimentos
17886403749243286,17841405730557330,monicametran,"Mônica Metran","Colar Terço longo e argola Stela, em ouro 18k e diamantes.",0,"09/26/2025 08:18",https://www.instagram.com/p/DPEfn3xDR8I/,"Carrossel do Instagram",,Total,52151,116,10,16,15,5664,3
18504757666067720,17841405730557330,monicametran,"Mônica Metran","Faith and grace – with diamonds.",0,"09/24/2025 15:32",https://www.instagram.com/p/DPAHrtIDXqt/,"Carrossel do Instagram",,Total,49645,96,12,14,49,4017,1
18548577250018394,17841400701760332,isadorametran,Isadora,"Merry merry Christmas ❤️",0,"12/25/2025 14:46",https://www.instagram.com/p/DStCW_8jo58/,"Carrossel do Instagram",,Total,5790,103,4,11,0,,
17876378250372477,17841400701760332,isadorametran,Isadora,❤️🎁🎅🏻🎄,0,"12/25/2025 14:43",https://www.instagram.com/p/DStCE_-Dq8z/,"Carrossel do Instagram",,Total,10719,235,2,18,0,,
18073301105346714,17841400701760332,isadorametran,Isadora,"Xmas 🎅🏻 
w/ @monicametran",35,"12/25/2025 06:41",https://www.instagram.com/reel/DSsJ-eUjqtH/,"Reel do Instagram",,Total,3536,83,6,28,0,,
17976879164953756,17841405730557330,monicametran,"Mônica Metran","MM Diamonds — Especial Presentes 2025",0,"12/24/2025 14:30",https://www.instagram.com/p/DSpoRCrDSI6/,"Carrossel do Instagram",,Total,4921,21,2,1,0,854,0
18104404480680254,17841405730557330,monicametran,"Mônica Metran","Feito para atravessar histórias. — MM Diamonds, Especial Presentes 2025.",0,"12/24/2025 07:00",https://www.instagram.com/p/DSpoQOyj_e1/,"Carrossel do Instagram",,Total,4986,26,0,0,1,702,2
18353781790165453,17841405730557330,monicametran,"Mônica Metran","MM Diamonds, Especial Presentes 2025 — O brilho que acompanha o tempo.",0,"12/24/2025 04:00",https://www.instagram.com/p/DSpTsauDXNI/,"Carrossel do Instagram",,Total,5184,27,0,0,1,1114,1
18110778736622493,17841405730557330,monicametran,"Mônica Metran","Em sua elegância e unicidade — MM Diamonds, Especial Presentes 2025",0,"12/23/2025 14:30",https://www.instagram.com/p/DSpoPMiD-Bq/,"Carrossel do Instagram",,Total,5695,40,3,0,3,998,0
18054187469352437,17841405730557330,monicametran,"Mônica Metran","Topázios brancos e Diamantes — MM Diamonds, Especial Presentes 2025.",0,"12/23/2025 07:00",https://www.instagram.com/p/DSn26zwj3R-/,"Carrossel do Instagram",,Total,5556,20,2,3,0,772,0
18389002186178533,17841405730557330,monicametran,"Mônica Metran","Um tributo à sua singularidade. 
MM Diamonds — Especial Presentes 2025",0,"12/23/2025 04:00",https://www.instagram.com/p/DSnDdWzDwXb/,"Carrossel do Instagram",,Total,5735,35,4,3,1,993,0
17986528247918145,17841400701760332,isadorametran,Isadora,Portraits,0,"12/22/2025 15:53",https://www.instagram.com/p/DSlbtMWDjxe/,"Carrossel do Instagram",,Total,12032,312,8,54,0,,
18389980447179423,17841405730557330,monicametran,"Mônica Metran","Especial Presentes 2025 — Esmeraldas colombianas, presença que permanece.",14,"12/22/2025 14:30",https://www.instagram.com/reel/DSlSKOvjw9C/,"Reel do Instagram",,Total,1673,28,0,2,2,1497,1
18066883649158186,17841405730557330,monicametran,"Mônica Metran","Turmalinas Paraíbas – Especial Presentes 2025.",0,"12/21/2025 13:18",https://www.instagram.com/p/DSilHlAj9zm/,"Carrossel do Instagram",,Total,6216,36,4,3,6,955,0
18032988779549626,17841405730557330,monicametran,"Mônica Metran","Esmeraldas Colombianas – Especial Presentes 2025.",0,"12/20/2025 15:51",https://www.instagram.com/p/DSgR5ZJjX5s/,"Carrossel do Instagram",,Total,7542,51,3,5,4,1280,0
18080468273276164,17841405730557330,monicametran,"Mônica Metran","Para atravessar o tempo.
Especial Presentes 2025.",0,"12/20/2025 07:00",https://www.instagram.com/p/DSfVFwYjYy3/,"Carrossel do Instagram",,Total,6994,38,0,3,1,961,0
18085201448036737,17841405730557330,monicametran,"Mônica Metran","MM Diamonds – Especial Presentes 2025",0,"12/19/2025 14:58",https://www.instagram.com/p/DSdnA-aDfl3/,"Carrossel do Instagram",,Total,9363,64,1,10,4,1833,0
17947206303078559,17841405730557330,monicametran,"Mônica Metran","MM Diamonds – Especial Presentes 2025.",15,"12/19/2025 06:55",https://www.instagram.com/reel/DScvtF1DbAn/,"Reel do Instagram",,Total,1880,21,2,0,3,1562,0
18520054492065619,17841405730557330,monicametran,"Mônica Metran","MM Diamonds — Turmalinas Paraíbas, Especial Presentes 2025.",14,"12/18/2025 14:30",https://www.instagram.com/reel/DSa_BQ5j5mh/,"Reel do Instagram",,Total,23601,84,11,3,13,15648,22
17929478367169901,17841405730557330,monicametran,"Mônica Metran","MM Diamonds – Especial Presentes 2025",26,"12/17/2025 14:42",https://www.instagram.com/reel/DSYbP3xjdkV/,"Reel do Instagram",,Total,33329,46,6,8,3,18067,2
18128616232504801,17841405730557330,monicametran,"Mônica Metran","Aura Viva é sensibilidade, para quem carrega consigo um olhar atento. A coragem de expressar a própria essência. 

Conheça nossa coleção.",0,"12/17/2025 08:36",https://www.instagram.com/p/DSYaMLnD0M2/,"Carrossel do Instagram",,Total,33236,729,94,33,245,14214,201
18087909968000025,17841405730557330,monicametran,"Mônica Metran","Pensadas como arte interior — um processo silencioso, profundo, que revela o que há de mais autêntico.
Coleção Aura Viva.",24,"12/16/2025 14:30",https://www.instagram.com/reel/DSV1Y7RD80e/,"Reel do Instagram",,Total,21177,88,8,5,14,14031,23
18545283211045621,17841400701760332,isadorametran,Isadora,"Detalhes… 🪩",0,"12/15/2025 15:24",https://www.instagram.com/p/DSTWvMFDvqm/,"Carrossel do Instagram",,Total,10923,117,4,21,0,,
18113740948607367,17841405730557330,monicametran,"Mônica Metran","Entre luzes que conversam com seus gestos, Aura Viva, traz sussurros de brilho declarando sua intensa e inevitável beleza. 

Conheça a coleção.",0,"12/15/2025 14:30",https://www.instagram.com/p/DSTQnuCDzDB/,"Carrossel do Instagram",,Total,9297,31,1,3,8,1885,0
18318909232222659,17841400701760332,isadorametran,Isadora,"Muitos registros especiais desse dia. 🤍",0,"12/15/2025 07:06",https://www.instagram.com/p/DSSd1vAjvDJ/,"Carrossel do Instagram",,Total,18686,213,29,18,0,,
17928831660157184,17841400701760332,isadorametran,Isadora,"for a special night ✨🪩 @monicametran",0,"12/14/2025 14:06",https://www.instagram.com/p/DSQpEVpDj-O/,"Carrossel do Instagram",,Total,15282,132,3,18,0,,
18057768137314827,17841405730557330,monicametran,"Mônica Metran","Celebrating ✨ Nova loja Mônica Metran @mariaeleonorachagas",0,"12/14/2025 13:00",https://www.instagram.com/p/DSQhfi9jyEl/,"Carrossel do Instagram",,Total,10131,29,1,3,3,2017,0
18085617778854498,17841405730557330,monicametran,"Mônica Metran","Recebendo @fatimascarpa para a inauguração da nova casa Mônica Metran.",0,"12/14/2025 07:00",https://www.instagram.com/p/DSP4WKpD1il/,"Carrossel do Instagram",,Total,13619,119,1,2,4,3054,0
18088654828803041,17841405730557330,monicametran,"Mônica Metran","@monicametrandemello usa Coleção Estrela, colares Astro.",0,"12/13/2025 13:00",https://www.instagram.com/p/DSN8vI2j43d/,"Carrossel do Instagram",,Total,15606,304,2,66,3,3201,1
18086846995837652,17841405730557330,monicametran,"Mônica Metran","@tanalobo usa Elos para a inauguração da nova casa Mônica Metran.",0,"12/13/2025 07:00",https://www.instagram.com/p/DSNTj51DxgR/,"Carrossel do Instagram",,Total,10880,36,1,3,2,2213,0
18329347465245872,17841405730557330,monicametran,"Mônica Metran","A nova fase de uma história que teve início há 38 anos. 
Mônica Metran – Joalheria Brasileira – desde 1986.",57,"12/13/2025 06:33",https://www.instagram.com/reel/DSNQF9XDZoK/,"Reel do Instagram",,Total,5322,153,5,27,3,3466,0
18543546811014064,17841400701760332,isadorametran,Isadora,"For a memorable day ✨ 
@rabanne",0,"12/12/2025 14:30",https://www.instagram.com/p/DSLiRfsDsAS/,"Carrossel do Instagram",,Total,14559,244,9,50,0,,
18498270067072705,17841405730557330,monicametran,"Mônica Metran","@kabranquinho usa Turmalinas Paraíbas para noite de inauguração da nova casa Mônica Metran.",0,"12/12/2025 13:30",https://www.instagram.com/p/DSLbTlVj--d/,"Carrossel do Instagram",,Total,10867,82,6,4,9,2068,0
18032364296546314,17841400701760332,isadorametran,Isadora,"Memórias desse dia mágico 🤍",0,"12/12/2025 07:22",https://www.instagram.com/p/DSKxO5Ajg3-/,"Carrossel do Instagram",,Total,17062,185,11,18,0,,
18066183380166099,17841405730557330,monicametran,"Mônica Metran","Special day 🤍",0,"12/11/2025 16:26",https://www.instagram.com/p/DSJKqm8DfVP/,"Carrossel do Instagram",,Total,53807,604,16,46,13,17457,10
17906728698146217,17841400992525166,kabranquinho,"Kamila Branquinho","Nova fase de @monicametran 🌟
Uma loja incrível, como elas merecem! 
Assinada por @leoromanoarquitetura , a nova casa da Mônica Metran está um espetáculo de linda! Que delícia foi participar dessa inauguração 🤍",43,"12/11/2025 13:15",https://www.instagram.com/reel/DSI0VomkSBZ/,"Reel do Instagram",,Total,5396,137,3,15,0,,
18063582917559546,17841405730557330,monicametran,"Mônica Metran","Um novo capítulo começa agora.",24,"12/11/2025 10:00",https://www.instagram.com/reel/DSIdzlSiUsx/,"Reel do Instagram",,Total,7578,238,14,47,10,4365,4
17992621730889469,17841401765170156,laylamonteiro,"LAYLA MONTEIRO NAOUM","Ontem tive o prazer de prestigiar a inauguração da nova loja da @monicametran em Goiânia! 🤍✨ Um espaço elegante e atemporal assinado por @leoromanoarquitetura.

Para celebrar esse momento, escolhi um vestido minimalista com drapeados, combinado a uma seleção de joias que trouxe o brilho na medida certa! 💫",37,"12/11/2025 07:00",https://www.instagram.com/reel/DSIJEwXkcv4/,"Reel do Instagram",,Total,44878,1202,34,59,0,,
18032305817548943,17841401418730219,camilladurante,"Camilla Durante | Imagem e Estilo","Um novo momento de @monicametran ✨💎

Muito feliz em fazer parte dessa história. Vocês merecem todo sucesso! You rock @isadorametran 🤍",0,"12/10/2025 15:44",https://www.instagram.com/p/DSGhExXjn92/,"Carrossel do Instagram",,Total,15238,207,7,43,0,,
18084389692864139,17841400701760332,isadorametran,Isadora,"New era ✨

Um sonho realizado, nossa nova casa está pronta @monicametran. Esperamos vocês!",22,"12/10/2025 15:10",https://www.instagram.com/reel/DSGcayfDg3b/,"Reel do Instagram",,Total,13001,329,25,158,0,,
17933859605997065,17841405730557330,monicametran,"Mônica Metran","Aqui, a sua luz encontra corpo. 
Aqui, a sua presença ganha cor. 
Aqui, sua Aura Vive. 

Coleção Aura Viva.",22,"12/10/2025 07:00",https://www.instagram.com/reel/DSFlJH5D-MN/,"Reel do Instagram",,Total,4990,60,9,2,9,3654,1
18112890565592850,17841405730557330,monicametran,"Mônica Metran","São expressões de cores que tocam o corpo como quem o reconhece. Formas que acolhem, que sintetizam movimento. 

Conheça, Aura Viva.",0,"12/09/2025 14:30",https://www.instagram.com/p/DSDz5R6D8Ye/,"Carrossel do Instagram",,Total,20719,69,1,2,8,2946,0
18105455389655783,17841405730557330,monicametran,"Mônica Metran","Coleção Aura Viva, cada joia é uma declaração: delicada, intensa, inevitável. 

Fale conosco e saiba mais.",0,"12/08/2025 14:30",https://www.instagram.com/p/DSBPEEPD4Et/,"Carrossel do Instagram",,Total,19529,74,2,1,12,2237,0
17857438884511022,17841405730557330,monicametran,"Mônica Metran","Cada joia é uma declaração: delicada, intensa, inevitável — Coleção Aura Viva.",0,"12/08/2025 07:00",https://www.instagram.com/p/DSAbkUAj0ml/,"Carrossel do Instagram",,Total,18978,64,1,5,9,2338,0
17958991166882720,17841405730557330,monicametran,"Mônica Metran","Coleção Aura Viva traz, um gesto de arte que se atreve a sentir mais fundo, a brilhar mais perto e a celebrar tudo aquilo que torna você única.",0,"12/07/2025 13:00",https://www.instagram.com/p/DR-f5MAD3go/,"Carrossel do Instagram",,Total,18391,41,2,3,7,1760,1
18055520231324947,17841405730557330,monicametran,"Mônica Metran","Curvas que abraçam a alma. Luzes que conversam com seus gestos. 

Conheça, Aura Viva.",0,"12/07/2025 07:00",https://www.instagram.com/p/DR92zG2D3ed/,"Carrossel do Instagram",,Total,17625,125,5,4,26,2494,1
18147484528435836,17841405730557330,monicametran,"Mônica Metran","Coleção Aura Viva — são sussurros de brilho que tocam o corpo como quem o reconhece.",0,"12/06/2025 13:00",https://www.instagram.com/p/DR77G7Fj29q/,"Carrossel do Instagram",,Total,16338,60,0,6,13,1830,2
18026704673766749,17841405730557330,monicametran,"Mônica Metran","Traduzindo não apenas a luz do mundo, nascendo de dentro, silenciosa e profunda. — Coleção Aura Viva",0,"12/06/2025 07:00",https://www.instagram.com/p/DR7R9OUDQaV/,"Carrossel do Instagram",,Total,15809,38,2,3,7,1565,2
18000131261785311,17841405730557330,monicametran,"Mônica Metran","Do encontro entre a pele e a poesia. Revelando o brilho que não se vê, mas se sente. — Coleção Aura Viva",0,"12/05/2025 13:30",https://www.instagram.com/p/DR5ZyJxjdH5/,"Carrossel do Instagram",,Total,17879,67,5,7,11,2946,1
17881556100424012,17841405730557330,monicametran,"Mônica Metran","A luz se renova, a vibração se eleva, a beleza ganha presença — Coleção Aura Viva.",0,"12/05/2025 07:00",https://www.instagram.com/p/DR4tLCeD_KQ/,"Carrossel do Instagram",,Total,21788,169,29,7,35,3934,6
18060686288558973,17841405730557330,monicametran,"Mônica Metran","O novo se manifesta. Um instante de cor, movimento e vida. Uma atmosfera que se transforma — uma Aura Viva.",0,"12/04/2025 14:30",https://www.instagram.com/p/DR2722lj9gJ/,"Carrossel do Instagram",,Total,18503,83,9,10,10,3206,1
18105188329581648,17841405730557330,monicametran,"Mônica Metran","Uma nova fase se inicia. Um novo tempo, um novo momento. Uma fase de cor, e de vida. Uma nova aura, uma Aura Viva. 

AURA VIVA: bem-vinda à sua nova vibração.",38,"12/04/2025 07:03",https://www.instagram.com/reel/DR2IGyCDapj/,"Reel do Instagram",,Total,37996,323,50,19,80,24792,270
18330686299208735,17841405730557330,monicametran,"Mônica Metran","A partir de amanhã, um novo momento, uma nova AURA. 
Aura Viva, amanhã às 12h.",43,"12/03/2025 08:03",https://www.instagram.com/reel/DRzqpNgjcBE/,"Reel do Instagram",,Total,5580,67,11,20,21,3961,2
17972829971808832,17841405730557330,monicametran,"Mônica Metran","Anel Ciclos — para celebrar a vida em seu movimento constante, feito de curvas, fluxos e emoções.",15,"12/02/2025 07:00",https://www.instagram.com/reel/DRxyO-ACeOS/,"Reel do Instagram",,Total,2550,42,2,4,21,2141,0
18167114053379393,17841405730557330,monicametran,"Mônica Metran","Curvas que seguem o ritmo da vida — cada retorno traz uma nova forma. Anel Voltas — Coleção Origem.",13,"12/01/2025 14:30",https://www.instagram.com/reel/DRvNfpNDbpK/,"Reel do Instagram",,Total,2412,24,2,0,2,2155,0
17905754571274856,17841405730557330,monicametran,"Mônica Metran","No movimento que retorna, o essencial perdura. Não é um brilho que passa: é o próprio tempo em forma.

Colar Ciclos — Coleção Origem.",0,"11/30/2025 13:00",https://www.instagram.com/p/DRXchKQD6iq/,"Carrossel do Instagram",,Total,14775,34,6,8,8,1558,1
18058824695274555,17841405730557330,monicametran,"Mônica Metran","Celebramos o essencial — o que perdura, o que permanece, o que é.",0,"11/29/2025 09:00",https://www.instagram.com/p/DRVWrYzD4mZ/,"Carrossel do Instagram",,Total,15029,36,6,1,9,1569,3
17979666974931877,17841405730557330,monicametran,"Mônica Metran","Entre formas puras e linhas contínuas, os colares e correntes da Coleção Origem surgem ao lado do versátil piercing Ciclos.",76,"11/28/2025 13:30",https://www.instagram.com/reel/DRnYRlxD7k3/,"Reel do Instagram",,Total,8245,99,4,13,14,6531,41
17894451957361610,17841405730557330,monicametran,"Mônica Metran","ORIGEM celebra o ouro em sua expressão mais pura. Vem ver cada detalhe de perto.",86,"11/27/2025 14:30",https://www.instagram.com/reel/DRk6QKADzjb/,"Reel do Instagram",,Total,7428,203,28,39,19,5154,4
18049864385666920,17841405730557330,monicametran,"Mônica Metran","Um tributo ao essencial — Coleção ORIGEM ✨ @thassianaves",25,"11/26/2025 14:30",https://www.instagram.com/reel/DRk6URAj34p/,"Reel do Instagram",,Total,37249,188,23,4,27,25739,34
18070027124458954,17841405730557330,monicametran,"Mônica Metran","Onde tudo começa, tudo volta.",13,"11/25/2025 14:30",https://www.instagram.com/reel/DRfwwK5D895/,"Reel do Instagram",,Total,3011,36,2,3,7,2521,1
18068778938524648,17841405730557330,monicametran,"Mônica Metran","Em ORIGEM, as peças revelam uma verdade: o valor nasce de dentro, e o autêntico permanece no tempo.",10,"11/24/2025 14:30",https://www.instagram.com/reel/DRdL4w3jxSs/,"Reel do Instagram",,Total,5840,52,4,8,4,4451,9
18074366182997974,17841405730557330,monicametran,"Mônica Metran","@thassianaves em ORIGEM 🌟",0,"11/23/2025 13:00",https://www.instagram.com/p/DRac1vgjy4u/,"Carrossel do Instagram",,Total,14434,30,2,0,3,1588,1
17867917602480077,17841405730557330,monicametran,"Mônica Metran","Coleção Origem ✨ @thassianaves",0,"11/22/2025 09:00",https://www.instagram.com/p/DRXcjLNj52j/,"Carrossel do Instagram",,Total,15194,40,5,4,10,1951,0
18149105647425485,17841405730557330,monicametran,"Mônica Metran","Alguns dos nossos modelos de braceletes: MM Diamonds e Lâmina — disponíveis nos tamanhos P, M e G.

Qual é a sua versão favorita? 🤍",63,"11/21/2025 13:30",https://www.instagram.com/reel/DRacw8kDxgq/,"Reel do Instagram",,Total,13209,107,11,1,17,9629,60
17865016416503109,17841405730557330,monicametran,"Mônica Metran","Na Coleção Origem, cada peça sussurra o essencial: o verdadeiro valor vem de dentro, e o que é autêntico permanece.

Anel Voltas — Coleção Origem.",0,"11/20/2025 14:30",https://www.instagram.com/p/DRS4yg2jy5W/,"Carrossel do Instagram",,Total,14459,30,0,2,3,2027,0
17869166709398530,17841405730557330,monicametran,"Mônica Metran","ORIGEM é o que resiste ao tempo: o ouro em seu princípio, a forma em sua eternidade. Brinco Ciclos G — Coleção Origem.",14,"11/19/2025 14:30",https://www.instagram.com/reel/DRNvHL1CQxO/,"Reel do Instagram",,Total,18280,118,9,8,29,13067,100
18325885591240192,17841405730557330,monicametran,"Mônica Metran","Curvas que seguem o ritmo da vida — cada retorno traz uma nova forma.",0,"11/18/2025 14:30",https://www.instagram.com/p/DRLKXb_CQ4-/,"Carrossel do Instagram",,Total,14661,33,4,3,9,1456,0
18085531279826891,17841405730557330,monicametran,"Mônica Metran","Um pouco mais das inspirações do @leoromanoarquitetura para o nosso novo espaço. ✨",166,"11/17/2025 15:05",https://www.instagram.com/reel/DRLOBPADR_L/,"Reel do Instagram",,Total,6477,124,5,21,6,4785,0
17866212000496799,17841400701760332,isadorametran,Isadora,"#grwm com a Coleção Origem @monicametran 
✨",70,"11/16/2025 14:09",https://www.instagram.com/reel/DRIh9U9DouK/,"Reel do Instagram",,Total,9799,199,9,40,0,,
18112727440575799,17841405730557330,monicametran,"Mônica Metran","A pureza da forma, a beleza sem excessos, a matéria que se basta.",0,"11/15/2025 13:00",https://www.instagram.com/p/DRF2fXqDbIx/,"Carrossel do Instagram",,Total,15548,26,0,2,2,1258,0
18409304686136307,17841405730557330,monicametran,"Mônica Metran","Entre curvas e entrelaços, a vida se repete: o que inicia volta, e no voltar, se renova.",0,"11/15/2025 06:45",https://www.instagram.com/p/DRFLipWiX5y/,"Carrossel do Instagram",,Total,15065,27,6,1,10,1412,0
18050301428364483,17841405730557330,monicametran,"Mônica Metran","O essencial em sua forma mais pura.
Conheça a Coleção Origem.",0,"11/14/2025 13:30",https://www.instagram.com/p/DRDVFOGj1bW/,"Carrossel do Instagram",,Total,15070,32,4,3,10,1619,1
18301686916252454,17841405730557330,monicametran,"Mônica Metran","Do princípio da forma pura, ORIGEM possui a beleza que não precisa de artifício. A matéria fala por si. 
Anel Origem — disponível no M e G — Coleção Origem",10,"11/14/2025 06:45",https://www.instagram.com/reel/DRCmxCND6wO/,"Reel do Instagram",,Total,2586,45,1,7,6,2196,1
18339367798230561,17841405730557330,monicametran,"Mônica Metran","Matéria que não se apaga, não se altera, não se explica. 
Colar Elos Fosco — Coleção Origem.",0,"11/13/2025 14:30",https://www.instagram.com/p/DRA3JWQD6Qc/,"Carrossel do Instagram",,Total,14322,26,3,4,1,1744,0
17930431770137193,17841405730557330,monicametran,"Mônica Metran","Elegância é o que permanece. Ouro, design e tempo.",0,"11/13/2025 06:45",https://www.instagram.com/p/DQ5I0G7D4a1/,"Carrossel do Instagram",,Total,13325,20,1,2,3,1608,0
18082994783087640,17841405730557330,monicametran,"Mônica Metran","Cada curva nos lembra que o simples também pode ser eterno. 
Coleção ORIGEM.",0,"11/12/2025 14:30",https://www.instagram.com/p/DQ-SUnkj7a6/,"Carrossel do Instagram",,Total,14770,46,7,2,8,1704,1
17895559854348288,17841405730557330,monicametran,"Mônica Metran","O ouro, aqui, é presença. Conheça nossa Corrente Elos Origem.",15,"11/12/2025 06:45",https://www.instagram.com/reel/DQ9dJg3jw2b/,"Reel do Instagram",,Total,5107,46,4,5,6,3860,9
18091697344882199,17841405730557330,monicametran,"Mônica Metran","Elegância é o que permanece. Ouro, design e tempo.",16,"11/11/2025 14:30",https://www.instagram.com/reel/DQ7tmgpjxZy/,"Reel do Instagram",,Total,6178,75,24,3,20,4785,15
18096335332789096,17841405730557330,monicametran,"Mônica Metran","Formas circulares, entrelaçadas e orgânicas, o movimento contínuo da vida. Brinco Ciclos G — Coleção Origem.",0,"11/11/2025 06:45",https://www.instagram.com/p/DQ64YLlD4yy/,"Carrossel do Instagram",,Total,14500,60,1,7,13,2216,2
18082105123846948,17841405730557330,monicametran,"Mônica Metran","Assinada por Léo Romano, nossa nova sede reflete seu olhar sensível e o diálogo entre arte, design brasileiro e contemporaneidade.

Confira um pouco do nosso bate-papo com o autor do projeto. @leoromanoarquitetura",117,"11/10/2025 15:21",https://www.instagram.com/reel/DQ5OcsFDdpy/,"Reel do Instagram",,Total,11597,318,13,44,6,6759,5
18368682421158534,17841405730557330,monicametran,"Mônica Metran","O retorno ao ouro em sua forma pura. Sem pedras, sem distrações — apenas o metal nobre e sua presença atemporal. 

Brinco Origem — Coleção Origem.",0,"11/09/2025 06:00",https://www.instagram.com/p/DQ1pnypjxlc/,"Carrossel do Instagram",,Total,14445,52,5,4,14,1522,0
18087563929766325,17841405730557330,monicametran,"Mônica Metran","Do ouro, tudo nasce. Coleção ORIGEM: o essencial em sua forma mais pura.",0,"11/08/2025 14:00",https://www.instagram.com/p/DQz7ztQjwg2/,"Carrossel do Instagram",,Total,15524,58,6,2,14,2219,0
18407726584190247,17841405730557330,monicametran,"Mônica Metran","ORIGEM, é a representação de permanência, pureza e valor eterno. Bracelete Origem — Coleção Origem",0,"11/08/2025 06:00",https://www.instagram.com/p/DQzE1Wwj_hL/,"Carrossel do Instagram",,Total,12971,23,4,3,3,1093,0
17862219999519752,17841405730557330,monicametran,"Mônica Metran","O ouro como princípio. 
A forma como eternidade. 
Brinco Origem — Coleção Origem.",0,"11/07/2025 13:30",https://www.instagram.com/p/DQxTkizjeVj/,"Carrossel do Instagram",,Total,13894,33,11,2,11,1634,1
18053265278330576,17841405730557330,monicametran,"Mônica Metran","Um lembrete silencioso de que o verdadeiro valor vem de dentro, e o que é autêntico permanece. Colar Ciclos — Coleção Origem.",0,"11/07/2025 06:45",https://www.instagram.com/p/DQwlL8Zj704/,"Carrossel do Instagram",,Total,13514,22,1,4,4,1584,0
18089341439506779,17841405730557330,monicametran,"Mônica Metran","As formas circulares, entrelaçadas e orgânicas evocam o movimento contínuo da vida: o que começa, retorna, o que retorna, se transforma. Colar Elos Fosco — Coleção Origem.",0,"11/06/2025 14:30",https://www.instagram.com/p/DQu1ldRD7aV/,"Carrossel do Instagram",,Total,13567,27,0,2,4,1578,0
18095677555649444,17841405730557330,monicametran,"Mônica Metran","Onde tudo começa. É a matéria pura, o símbolo da permanência, a base de toda beleza duradoura. Anel Voltas — Coleção Origem.",0,"11/06/2025 06:45",https://www.instagram.com/p/DQuAZm8iV75/,"Carrossel do Instagram",,Total,13948,38,3,4,13,2049,0
18057987515243115,17841400701760332,isadorametran,Isadora,"Produção por @anyribeiromake 🫶🏻
E claro, com a coleção Origem @monicametran",12,"11/05/2025 15:06",https://www.instagram.com/reel/DQsUtGMjnmI/,"Reel do Instagram",,Total,4355,91,5,7,0,,
18069835052462927,17841405730557330,monicametran,"Mônica Metran","Formas que fluem em eterno retorno — onde tudo recomeça, e o essencial resiste.
Brinco Ciclos — Coleção Origem.",0,"11/05/2025 14:30",https://www.instagram.com/p/DQsQ0hiCZMS/,"Carrossel do Instagram",,Total,14778,72,3,12,22,2093,0
17992398866850787,17841405730557330,monicametran,"Mônica Metran","Joias que não competem com o tempo, mas o atravessam. Bracelete Origem — Coleção Origem.",0,"11/05/2025 06:45",https://www.instagram.com/p/DQrbis8j6Bn/,"Carrossel do Instagram",,Total,14870,55,8,6,15,2398,1
18110727637586838,17841405730557330,monicametran,"Mônica Metran","Celebrando o ouro em sua forma mais pura, ORIGEM, traz o desenhos contínuos, sem excessos — como o tempo. 
Joias feitas para durar na pele e na memória.",0,"11/04/2025 15:00",https://www.instagram.com/p/DQpvfRoDw48/,"Carrossel do Instagram",,Total,15031,53,16,4,14,2132,1
18094502362664997,17841405730557330,monicametran,"Mônica Metran","As curvas contínuas lembram que tudo retorna, e que o essencial é o que permanece. Anel Ciclos — Coleção Origem.",0,"11/04/2025 11:04",https://www.instagram.com/p/DQpUaeOj9wR/,"Carrossel do Instagram",,Total,14784,71,5,2,9,2210,0
18304847245255705,17841405730557330,monicametran,"Mônica Metran","ORIGEM 
Um tributo ao essencial,
àquilo que continua,
àquilo que é.",0,"11/03/2025 14:30",https://www.instagram.com/p/DQnHRYiD1hP/,"Carrossel do Instagram",,Total,14789,59,7,9,6,2093,0
18044194175690769,17841405730557330,monicametran,"Mônica Metran","ORIGEM nasce do princípio da forma pura, da beleza que não precisa de artifício, da matéria que fala por si.

Cada peça é uma volta ao início.

As curvas contínuas lembram que tudo retorna, e que o essencial é o que permanece.

O ouro, aqui, é presença.

Não é brilho passageiro, é o próprio tempo solidificado.

ORIGEM é o manifesto da permanência.

O ouro como princípio.
A forma como eternidade.

#ColeçãoOrigem",37,"11/02/2025 14:00",https://www.instagram.com/reel/DQkegXhDUks/,"Reel do Instagram",,Total,35515,329,101,60,38,25136,113
18184933630341967,17841405730557330,monicametran,"Mônica Metran","02/11 • 19h
Coleção Origem
Coming Soon",0,"11/01/2025 08:10",https://www.instagram.com/p/DQhLQnojTif/,"Imagem do Instagram",,Total,15150,30,3,3,2,2316,0
17867907822395222,17841405730557330,monicametran,"Mônica Metran","2/11 — 19h
Coleção Origem
Coming soon",30,"10/31/2025 08:26",https://www.instagram.com/reel/DQem1ENjZPf/,"Reel do Instagram",,Total,4976,47,30,17,5,4283,0
17926712400140349,17841405730557330,monicametran,"Mônica Metran","Ouro e diamantes que falam sobre graça e eternidade.",0,"10/30/2025 15:30",https://www.instagram.com/p/DQc0DyrD_Tu/,"Carrossel do Instagram",,Total,15017,31,3,2,4,1882,0
18118948294528436,17841400701760332,isadorametran,Isadora,"Get ready with me
com Turmalinas Paraíbas @monicametran",35,"10/29/2025 16:07",https://www.instagram.com/reel/DQaS3weDiHS/,"Reel do Instagram",,Total,6708,146,7,27,0,,
17849564439579952,17841405730557330,monicametran,"Mônica Metran","Os diferentes tamanhos – e variações de cores – dos nossos brincos Passion. Escolha o seu preferido! ✨",62,"10/29/2025 15:30",https://www.instagram.com/reel/DQaPNh7j0Fo/,"Reel do Instagram",,Total,4437,110,14,14,6,3211,2
18085102963978708,17841405730557330,monicametran,"Mônica Metran","@bellafalconi usa Brinco Elos versão ouro amarelo e diamantes. ✨",0,"10/28/2025 15:30",https://www.instagram.com/p/DQVFnIRD4Dm/,"Carrossel do Instagram",,Total,18835,61,1,0,0,2753,1
18090132769883397,17841405730557330,monicametran,"Mônica Metran","The harmony of crystal, diamonds, and 18k yellow gold.",0,"10/27/2025 15:30",https://www.instagram.com/p/DQPWR1-j-jl/,"Carrossel do Instagram",,Total,16081,32,3,0,7,2181,0
18171549256368606,17841405730557330,monicametran,"Mônica Metran","Pure brilliance in green — the art of emerald.",0,"10/26/2025 14:00",https://www.instagram.com/p/DQSWiA6j4wO/,"Carrossel do Instagram",,Total,16184,50,7,0,7,1634,1
18299976403271341,17841405730557330,monicametran,"Mônica Metran","Brilho sereno, essênia luminosa – Anel Luna.",0,"10/25/2025 10:00",https://www.instagram.com/p/DQSWjd1D6WY/,"Carrossel do Instagram",,Total,17903,64,12,6,17,2147,0
17858245233469133,17841405730557330,monicametran,"Mônica Metran","Emerald Solitaires — timeless elegance in 18k yellow gold. 💚 What’s your favorite?",0,"10/24/2025 14:30",https://www.instagram.com/p/DQNQbbtjw4R/,"Carrossel do Instagram",,Total,19404,74,7,0,17,3010,0
18071902199260850,17841405730557330,monicametran,"Mônica Metran","Alguns dos nossos modelos e tamanhos de Meias Alianças de diamantes: Arcos, Galeria e Taça. 

Qual a sua versão favorita? ✨",103,"10/23/2025 15:30",https://www.instagram.com/reel/DQKycyND-8X/,"Reel do Instagram",,Total,16022,176,25,4,18,11965,30
18092194579881757,17841405730557330,monicametran,"Mônica Metran","Aliança Stela – Diamantes, Topázios, Ouro 18k.",0,"10/23/2025 08:00",https://www.instagram.com/p/DQKygE_D6C_/,"Carrossel do Instagram",,Total,16736,41,5,0,8,1670,1
18152188813410317,17841405730557330,monicametran,"Mônica Metran","The art of Uniqueness, captured in diamonds.
MM Diamonds — Choose your favorite size. ✨",0,"10/22/2025 15:30",https://www.instagram.com/p/DQINqjEDwux/,"Carrossel do Instagram",,Total,16127,31,3,0,6,1573,0
17867981892461692,17841405730557330,monicametran,"Mônica Metran","Colar Solitário Stela, em diamantes.✨

#ColeçaoLuz",0,"10/21/2025 15:30",https://www.instagram.com/p/DQDEE6mj1Vl/,"Carrossel do Instagram",,Total,16907,62,7,3,17,1641,1
17997741932684266,17841405730557330,monicametran,"Mônica Metran","That unique green – Esmeraldas Colombianas.",0,"10/20/2025 15:30",https://www.instagram.com/p/DQFo3L3j5w7/,"Carrossel do Instagram",,Total,17619,60,9,1,6,2017,1
17955181589882832,17841400701760332,isadorametran,Isadora,"5 elementos da nossa arquitetura que dão expressão e personalidade à nossa nova casa 🤩 @monicametran @leoromanoarquitetura",91,"10/19/2025 15:28",https://www.instagram.com/reel/DQAd4UmjjGT/,"Reel do Instagram",,Total,9358,269,31,67,0,,
18374234164196427,17841405730557330,monicametran,"Mônica Metran","In a bright mood 🌟
Colar Luna, Solitário Navete e Piercing Essência.",0,"10/19/2025 14:00",https://www.instagram.com/p/DQAU9egD3Vy/,"Carrossel do Instagram",,Total,19020,58,6,4,20,2470,0
18485947732077248,17841405730557330,monicametran,"Mônica Metran","Diamantes e Turmalinas Paraíba — beleza atemporal, reinventada.",9,"10/18/2025 10:00",https://www.instagram.com/reel/DP9UvzcD2fQ/,"Reel do Instagram",,Total,18564,124,7,4,15,12644,24
18067559015602449,17841405730557330,monicametran,"Mônica Metran","The coolest: Anel Thássia ✨ @thassianaves",0,"10/17/2025 14:30",https://www.instagram.com/p/DP7Oy5JD1fD/,"Carrossel do Instagram",,Total,22182,85,1,4,5,3578,0
18065717774593324,17841405730557330,monicametran,"Mônica Metran","Bright details ✨",0,"10/15/2025 16:23",https://www.instagram.com/p/DP2SMFxjfZR/,"Carrossel do Instagram",,Total,19782,37,2,1,9,2401,0
18061691030452548,17841405730557330,monicametran,"Mônica Metran","Emerald allure in every shape. 💚
Which cut is calling your name?",0,"10/14/2025 16:49",https://www.instagram.com/p/DPzwW9QDVcv/,"Carrossel do Instagram",,Total,20568,54,9,0,5,1915,0
18098704363669674,17841405730557330,monicametran,"Mônica Metran","Mix and match com os nossos brincos Elos ✨ qual a sua versão preferida?",99,"10/13/2025 16:03",https://www.instagram.com/reel/DPxFoleDbKl/,"Reel do Instagram",,Total,18555,160,18,13,24,12760,19
17873062059350350,17841405730557330,monicametran,"Mônica Metran","Shining bright ✨Coleção Luz
Brincos Luna M e P com colar Stela 45cm.",0,"10/11/2025 06:03",https://www.instagram.com/p/DPq4DYZjfrF/,"Carrossel do Instagram",,Total,20701,55,7,4,22,2328,1
18084284834509455,17841405730557330,monicametran,"Mônica Metran","Emerald lovers, for sure. 💚",0,"10/09/2025 15:36",https://www.instagram.com/p/DPmwATijRKA/,"Carrossel do Instagram",,Total,25781,73,8,1,29,2491,2
18072390442953820,17841405730557330,monicametran,"Mônica Metran","Entre designs, tamanhos e lapidações, cada solitário MM Diamonds carrega uma história única — encontre aquele que reflete a sua.",0,"10/08/2025 15:44",https://www.instagram.com/p/DPkMLESjRGC/,"Carrossel do Instagram",,Total,23332,64,11,1,14,3099,1
18313686520245291,17841405730557330,monicametran,"Mônica Metran","A linha Buquê, um dos clássicos MM Diamonds, é composta por uma delicada harmonia de flores em diferentes tamanhos, inteiramente cravejadas à mão com diamantes. 

Explore todo o nosso “Buquê” 💐",0,"10/07/2025 15:28",https://www.instagram.com/p/DPhlj66jene/,"Carrossel do Instagram",,Total,21754,32,4,0,12,2719,0
18062020139615128,17841400701760332,isadorametran,Isadora,"golden hour — literally.",0,"10/06/2025 16:31",https://www.instagram.com/p/DPfH5N3jiO-/,"Carrossel do Instagram",,Total,35680,119,6,17,0,,
18075730274115775,17841405730557330,monicametran,"Mônica Metran","White and yellow gold: the perfect duo ✨",0,"10/05/2025 16:23",https://www.instagram.com/p/DPciLvajct2/,"Carrossel do Instagram",,Total,21743,37,5,3,6,1995,0
18102246553619759,17841405730557330,monicametran,"Mônica Metran",,9,"10/04/2025 12:24",https://www.instagram.com/reel/DPZiAbfjeSN/,"Reel do Instagram",,Total,53420,313,18,12,53,33372,270
17861652447491935,17841405730557330,monicametran,"Mônica Metran","That unique blue: Turmalinas Paraíba 💎",0,"10/03/2025 16:41",https://www.instagram.com/p/DPXarEcje8J/,"Carrossel do Instagram",,Total,22260,69,6,2,14,2450,0
18025131989759138,17841405730557330,monicametran,"Mônica Metran","Diamonds are forever.",0,"10/01/2025 16:17",https://www.instagram.com/p/DPSOZssjWPc/,"Carrossel do Instagram",,Total,48216,85,8,5,25,3982,1
18074426489132891,17841400701760332,isadorametran,Isadora,"for an utv ride 🚙

#CristaleTanaWeek
@tanalobo @cristallobo",0,"10/01/2025 16:06",https://www.instagram.com/p/DPSNG6HjhKD/,"Carrossel do Instagram",,Total,71251,197,14,30,0,,
17980453343873288,17841405730557330,monicametran,"Mônica Metran","A Riviera Luna é o encontro de luzes que se refletem por todo o colo, com um degradê de topázios brancos e a nossa estrela cravejada de diamantes na lateral.",0,"09/28/2025 16:16",https://www.instagram.com/p/DPKf5TMDU0O/,"Carrossel do Instagram",,Total,55393,152,25,63,59,5500,2
17953024079976514,17841405730557330,monicametran,"Mônica Metran","Amar une contrastes.

No Anel Amar, dois elos entrelaçados — um liso, outro cravejado de diamantes — criam um design marcante que envolve e preenche a mão.

A assinatura Mônica Metran aparece de forma sutil, com ródio branco, selando essa união de presença e expressão.",0,"07/01/2025 15:30",https://www.instagram.com/p/DLf8BlzPx-8/,"Carrossel do Instagram",,Total,21659,44,3,1,4,2827,0
18110014249557866,17841400701760332,isadorametran,Isadora,"O início do sonho 🤍",32,"09/23/2025 15:44",https://www.instagram.com/reel/DO9kKPjDlyW/,"Reel do Instagram",,Total,9630,216,14,58,0,,
18090687535645713,17841405730557330,monicametran,"Mônica Metran","Heart shapes (& sizes) 🤍",0,"09/23/2025 08:06",https://www.instagram.com/p/DO8v0jvjXAi/,"Carrossel do Instagram",,Total,40961,48,5,2,14,2963,1
17930992325996116,17841405730557330,monicametran,"Mônica Metran","Sweet & glam 🪩 @amanda.rgomes 
Nossos clássicos brincos Alice, cravejados de diamantes, nos tamanhos G e M.",0,"09/22/2025 16:54",https://www.instagram.com/p/DO7HaapDaQI/,"Carrossel do Instagram",,Total,45462,73,10,2,27,5387,2
17860386375486687,17841405730557330,monicametran,"Mônica Metran","@marielbatistaa em esmeraldas ✨",7,"09/21/2025 15:28",https://www.instagram.com/reel/DO4Yyh1DVp-/,"Reel do Instagram",,Total,29033,222,10,10,45,23435,4
18238108174288911,17841405730557330,monicametran,"Mônica Metran","In diamonds 💎 @cristallobo",9,"09/20/2025 07:54",https://www.instagram.com/reel/DO1AD-FjRPw/,"Reel do Instagram",,Total,5082,59,6,0,14,4451,0
18056793530173248,17841405730557330,monicametran,"Mônica Metran","That glam ✨ 
@juliana26lobo",7,"09/18/2025 16:35",https://www.instagram.com/reel/DOwx3E3Ddrz/,"Reel do Instagram",,Total,31571,77,13,0,17,23085,43
18069620372332292,17841405730557330,monicametran,"Mônica Metran","Bold & gold ✨🤩",0,"09/17/2025 16:27",https://www.instagram.com/p/DOuMVHJjSQ2/,"Carrossel do Instagram",,Total,37752,75,10,10,18,3672,1
18063868166054462,17841405730557330,monicametran,"Mônica Metran","Nosso ear cuff Buquê em detalhes 💎 @cristallobo",0,"09/16/2025 16:39",https://www.instagram.com/p/DOrpAi-jf8T/,"Carrossel do Instagram",,Total,33181,58,10,2,29,4227,1
17921422464152659,17841405730557330,monicametran,"Mônica Metran","@tanalobo in Passion ✨",0,"09/15/2025 16:00",https://www.instagram.com/p/DOo_vkrjdhM/,"Carrossel do Instagram",,Total,32956,92,4,1,11,4283,0
17961081908967083,17841405730557330,monicametran,"Mônica Metran","@tanalobo in Passion – entre elos e diamantes. 💎",7,"09/12/2025 14:50",https://www.instagram.com/reel/DOhJN0UjeIL/,"Reel do Instagram",,Total,30998,119,15,19,25,22479,106
18040490051424878,17841405730557330,monicametran,"Mônica Metran","Elos Passion ✨",0,"09/12/2025 14:46",https://www.instagram.com/p/DOhI2B3jSCt/,"Imagem do Instagram",,Total,27906,32,0,3,6,2511,0
18020153732567881,17841405730557330,monicametran,"Mônica Metran","TBT de um momento especial ✨ 
Na última semana, nossas joias brilharam em cada look do desfile da coleção Aurora @lojacamelias + @carunaciff. Uma honra vestir tantas mulheres incríveis com as joias Mônica Metran. Aqui, um resumo desse dia 💎",54,"09/11/2025 17:05",https://www.instagram.com/reel/DOez0DXDc7T/,"Reel do Instagram",,Total,4393,53,0,3,6,3666,0
18022201619685342,17841405730557330,monicametran,"Mônica Metran","Mil Rosas ✨🌸🌼 @aurorarassi",6,"09/09/2025 16:44",https://www.instagram.com/reel/DOZns7Hja4J/,"Reel do Instagram",,Total,3360,48,0,9,12,3150,0
18091118224625917,17841405730557330,monicametran,"Mônica Metran","@aurorarassi usa ear cuff Mil Rosas ✨🌸",0,"09/08/2025 16:27",https://www.instagram.com/p/DOXBSFfDfOT/,"Carrossel do Instagram",,Total,34321,165,51,21,59,5217,2
18092810854708805,17841400701760332,isadorametran,Isadora,🌷,0,"09/07/2025 16:47",https://www.instagram.com/p/DOUerpDDvHA/,"Carrossel do Instagram",,Total,67768,351,25,47,0,,
17966611499957329,17841405730557330,monicametran,"Mônica Metran","Shining bright ✨ @anaflaviavaladao_",13,"09/07/2025 15:23",https://www.instagram.com/reel/DOUVATIDdUL/,"Reel do Instagram",,Total,3793,34,0,1,7,3666,0
17855050380514995,17841405730557330,monicametran,"Mônica Metran","Shining in diamonds and gold ✨ @anaflaviavaladao_",0,"09/06/2025 08:37",https://www.instagram.com/p/DORB2PIjdXf/,"Carrossel do Instagram",,Total,29018,43,5,5,10,3370,0
18054434798443067,17841405730557330,monicametran,"Mônica Metran","Sizes & shapes 💎 choose your favorite!",0,"09/05/2025 16:16",https://www.instagram.com/p/DOPRlv6DdNJ/,"Carrossel do Instagram",,Total,28199,39,4,4,10,3187,0
17933030555965931,17841400701760332,isadorametran,Isadora,"Vem se arrumar comigo pro desfile da coleção Aurora. 🌷",45,"09/04/2025 16:08",https://www.instagram.com/reel/DOMrkW3js5f/,"Reel do Instagram",,Total,14933,328,39,60,0,,
18088943650836852,17841400002943861,julianabacellaroficial,"Juliana Bacellar","Pequenos detalhes que transformam qualquer produção.

As joias têm esse poder: iluminar, valorizar e trazer sofisticação sem esforço.

Essas da @monicametran são daquelas peças que você não quer mais tirar do corpo atemporais, versáteis e com aquele brilho que fala por si só.

Qual dessas combina mais com o seu estilo?",0,"09/04/2025 12:59",https://www.instagram.com/p/DOMWTQADt1A/,"Carrossel do Instagram",,Total,466346,553,13,8,0,,
18039431234436089,17841405730557330,monicametran,"Mônica Metran","MM Diamonds are a girl’s best friend 💎 choose your favorite size.",0,"09/03/2025 15:00",https://www.instagram.com/p/DOHXrCUj4e_/,"Carrossel do Instagram",,Total,28494,68,18,18,28,3058,1
18088339582796654,17841405730557330,monicametran,"Mônica Metran","Um pouco mais sobre a nossa formação em inteligência emocional aqui na Mônica Metran. Momentos de troca, conhecimento e crescimento junto com a nossa equipe.",55,"09/02/2025 15:47",https://www.instagram.com/reel/DOHfwtXDZCU/,"Reel do Instagram",,Total,17541,277,43,12,23,10922,5
18038047925452228,17841400701760332,isadorametran,Isadora,"Friday’s office look",38,"08/29/2025 08:39",https://www.instagram.com/reel/DN8bfTOjpk8/,"Reel do Instagram",,Total,10579,107,19,11,0,,
18075378883975746,17841405730557330,monicametran,"Mônica Metran","Unique pieces in diamonds and gold 🌟",0,"08/26/2025 15:30",https://www.instagram.com/p/DNokauuvn8-/,"Carrossel do Instagram",,Total,25868,55,11,2,16,2307,0
17959500419975835,17841405730557330,monicametran,"Mônica Metran","Classic never goes out of fashion 🌟

Nossos clássicos: braceletes Lâmina. Disponíveis nos tamanhos P, M ou G. Escolha o seu favorito!",0,"08/24/2025 14:00",https://www.instagram.com/p/DNwIfSCv6Pa/,"Carrossel do Instagram",,Total,32476,82,9,8,21,4017,0
18055490732149557,17841405730557330,monicametran,"Mônica Metran","Colar Amar — elo cravejado em diamantes no ouro branco 18k — com seu segundo elo no ouro amarelo 18k. 

Conheça a Coleção Amar ✨",0,"08/23/2025 10:00",https://www.instagram.com/p/DNtINSgPolw/,"Carrossel do Instagram",,Total,25721,57,7,0,15,2514,0
18063265943199695,17841405730557330,monicametran,"Mônica Metran","O encanto singular das pérolas naturais. 🤍 Linha Clara — Coleção Luz.",0,"08/22/2025 14:30",https://www.instagram.com/p/DNrJMEhPkfh/,"Carrossel do Instagram",,Total,25865,81,5,2,15,2815,1
18070381610323496,17841405730557330,monicametran,"Mônica Metran","Colar Stela longo 80cm. 
Disponível em ouro amarelo 18k e ouro branco 18k — topázios brancos e sua estrela em diamantes. 

Entre em contato e saiba mais.",0,"08/21/2025 15:30",https://www.instagram.com/p/DNokWhcvpku/,"Carrossel do Instagram",,Total,24988,37,2,4,5,2178,2
18126026029462905,17841405730557330,monicametran,"Mônica Metran","Each piece, a unique expression of beauty. ✨ @nataliabars",0,"08/20/2025 15:30",https://www.instagram.com/p/DNl_jnOP88z/,"Carrossel do Instagram",,Total,25601,47,5,0,5,2484,0
17968640993945366,17841405730557330,monicametran,"Mônica Metran","For every style, a perfect shine. Your sparkle, your way. 🌟

Anel Arco — disponível no ouro amarelo, branco ou rosê. Detalhes fosco ou polido.",0,"08/19/2025 15:30",https://www.instagram.com/p/DNWiyfGPjhP/,"Carrossel do Instagram",,Total,27286,77,2,4,8,2888,0
18038022665427925,17841405730557330,monicametran,"Mônica Metran","Beauty in every detail. ✨ @camilladurante",0,"08/18/2025 15:30",https://www.instagram.com/p/DNbGrc9Njs8/,"Carrossel do Instagram",,Total,28870,82,5,11,14,3345,1
18315566257209861,17841405730557330,monicametran,"Mônica Metran","Para eles. 
Pulseira Masculina Cartier Alongada em ouro amarelo 18k.
Pulseira Cruz — disponível no ouro branco 18k e no ouro amarelo 18k.",0,"08/17/2025 14:00",https://www.instagram.com/p/DNeG7s8NFWY/,"Carrossel do Instagram",,Total,28408,41,5,9,14,2405,0
18219393007305437,17841405730557330,monicametran,"Mônica Metran","@tanalobo usa: brincos Passion M, colar Mil Rosas e choker Elos. A perfect match ✨",0,"08/16/2025 10:00",https://www.instagram.com/p/DNZAxQEvbEG/,"Carrossel do Instagram",,Total,30778,76,5,2,4,3054,1
18058982618523950,17841405730557330,monicametran,"Mônica Metran","As unique as you are. ✨💛

Brinco Amar Longo — movimento, brilho e leveza — cravejado em diamantes.

Conheça toda a Coleção Amar.",0,"08/15/2025 14:30",https://www.instagram.com/p/DNWi4xzt6SO/,"Carrossel do Instagram",,Total,28552,46,8,5,11,2147,3
18281518645283760,17841400801300232,debiboeira,"D E B I    B O E I R A","A coleção Primavera da @monicametran chegou cheia de cor, leveza e personalidade!
Uma mistura de modernidade, delicadeza e alegria nas peças.

• Riviera Hibisco Dégradé com gemas naturais
• Brincos floridos com turmalina rosa & topázio azul
• Meias alianças e anéis com cores vibrantes

@gott.digital 
@monicametran 
@joylima 

#joias #colors #primavera #coleção #monicametran #joiascoloridas",27,"08/15/2025 07:53",https://www.instagram.com/reel/DNYSvz6OZ4D/,"Reel do Instagram",,Total,6245,96,14,13,0,,
17881242618361329,17841405730557330,monicametran,"Mônica Metran","Em cada peça, um toque de humanidade. 

Nossas joias são criadas com amor e personalidade, através de processos manuais que valorizam a arte e a tradição. 

Mesmo com o avanço da tecnologia, acreditamos que o valor artesanal é insubstituível e está profundamente enraizado no nosso DNA. 

É a nossa essência, a nossa expressão e o nosso compromisso: revelar a beleza e o valor do toque humano em cada detalhe, em cada coleção.",54,"08/14/2025 15:33",https://www.instagram.com/reel/DNWjEl8NiM1/,"Reel do Instagram",,Total,5633,67,11,8,11,4694,1
18148354495392087,17841405730557330,monicametran,"Mônica Metran","Sweet shades ✨🌸 e o poder das cores @isabellacastroc",0,"08/12/2025 15:30",https://www.instagram.com/p/DNRZNbPt3Zu/,"Carrossel do Instagram",,Total,31020,47,1,6,10,3757,0
18055766312604777,17841405730557330,monicametran,"Mônica Metran","Every woman deserves a jewel as sweet as she is. ✨🌸
@isabellacastroc usa Coleção Primavera.",18,"08/11/2025 15:30",https://www.instagram.com/reel/DNO0aOvP7IF/,"Reel do Instagram",,Total,21587,65,3,4,10,17327,15
18069164297143117,17841405730557330,monicametran,"Mônica Metran","Like a princess 🌸✨ 
@laylamonteiro usa as joias da linha Florescer — Coleção Primavera.",23,"08/10/2025 14:00",https://www.instagram.com/reel/DNMFXAVsxnM/,"Reel do Instagram",,Total,39187,146,30,3,18,28104,58
18042758804336865,17841405730557330,monicametran,"Mônica Metran","Delicate as dawn, bright as the soul. ✨

#ColeçãoLuz",0,"08/09/2025 10:00",https://www.instagram.com/p/DNJFHcJs5kQ/,"Carrossel do Instagram",,Total,30960,122,14,5,33,4307,0
18301966606216144,17841405730557330,monicametran,"Mônica Metran","@laylamonteiro usa Florescer 🌸

Layla usa os Brincos Doce Florescer GG, M e P com efeito degrade delicado e sútil dos quartzos rosas. No colo temos dois Colares Florescer e em sua mão, compôs também com o Anel Florescer. 

Entre em contato para saber mais.",0,"08/08/2025 14:30",https://www.instagram.com/p/DNG_NL2MVz1/,"Carrossel do Instagram",,Total,33873,140,9,7,38,5590,0
18075203842951859,17841400915514897,nataliabars,"Natália Bars","Pra hoje, joias atemporais @monicametran ✨",0,"08/07/2025 16:49",https://www.instagram.com/p/DNEqWRMSZF9/,"Carrossel do Instagram",,Total,55482,166,14,34,0,,
18093171604727329,17841414545936883,pedrohluchetti,"Pedro Luchetti","Fiz uma seleção de peças da @monicametran para você, atrasado/a como eu, correr e achar algo delicado, com personalidade, e pra vida toda. São peças feitas com vários detalhes, marcas registradas, e qualidade, que obviamente buscamos quando se trata de joia. Ficou ainda mais na dúvida? Entre no Insta, chamem elas, aposto que vocês vão encontrar um presente ideal pro seu Pai, marido e etc🧡💍💎",296,"08/06/2025 10:36",https://www.instagram.com/reel/DNBZ3ZDsFRv/,"Reel do Instagram",,Total,9491,192,13,78,0,,
18053573531430495,17841405730557330,monicametran,"Mônica Metran","@anarassi usa: nossos Brincos Astro G em composição com o Piercing Estrela. No colo, a choker Constelação. 

Coleção Estrela 🌟
Fale conosco e saiba mais.",0,"08/04/2025 14:30",https://www.instagram.com/p/DM8r-QTvfka/,"Carrossel do Instagram",,Total,29219,84,10,9,15,3834,2
17858775093465264,17841405730557330,monicametran,"Mônica Metran","O equilíbrio perfeito entre brilho e sofisticação - Topázios brancos, Diamantes, Ouro branco 18k e Pérolas. 🤍

Fale conosco e conheça nosso Colar Stela longo em ouro branco 18k e nosso Brinco Bloom Duo em pérolas.",0,"08/03/2025 14:00",https://www.instagram.com/p/DM6DwzPPAEW/,"Carrossel do Instagram",,Total,49791,143,10,18,21,6308,2
18101921116600806,17841405730557330,monicametran,"Mônica Metran","Easy chic ✨ @cristallobo uma camisa branca e a nossa choker Passion, nada mais.",0,"08/02/2025 10:00",https://www.instagram.com/p/DM3DkHHskZN/,"Carrossel do Instagram",,Total,28787,55,1,0,8,3678,0
17989655525824216,17841405730557330,monicametran,"Mônica Metran","An eternal harmony of gold and diamonds.✨",0,"08/01/2025 14:30",https://www.instagram.com/p/DM09p3gMk9R/,"Carrossel do Instagram",,Total,30336,114,13,10,24,4795,0
18068457404158295,17841400701760332,isadorametran,Isadora,"Iniciamos hoje a nossa primeira formação pessoal com foco em inteligência emocional aqui na Mônica Metran.

Esse projeto nasceu de um desejo meu de compartilhar aprendizados e valores que foram muito significativos pra mim — e que acredito que também podem agregar de alguma forma na vida de cada um aqui.

Acredito que somos muito mais do que a superfície mostra. Conhecer e dominar nossa vida interior exige disposição, presença e, muitas vezes, sacrifício.

Como disse o @augusto.ollivieri : “Para acessar o céu, é preciso silêncio.”

Essa foi só a primeira aula, e que venham as próximas! 🌿",78,"07/31/2025 16:17",https://www.instagram.com/reel/DMykvd4ORjX/,"Reel do Instagram",,Total,16870,255,29,35,0,,
18068200802131115,17841405730557330,monicametran,"Mônica Metran","A Argola Stela, o Colar Terço Completo Devoção e o Anel Devoção revelam mais que beleza —
são joias que falam de alma, crença e propósito.

Cada detalhe carrega fé, luz e uma elegância atemporal. ✨

Conheça a Coleção Luz.
Entre em contato e saiba mais.",0,"07/31/2025 15:30",https://www.instagram.com/p/DMyfsmuMDm-/,"Carrossel do Instagram",,Total,27183,140,3,27,3,3808,0
17860348311452251,17841405730557330,monicametran,"Mônica Metran","A timeless blend of yellow & white gold.✨",0,"07/30/2025 15:30",https://www.instagram.com/p/DMv68H6sifG/,"Carrossel do Instagram",,Total,26080,97,10,0,25,3340,0
17959515044972933,17841405730557330,monicametran,"Mônica Metran","Mix and Match ✨
Cada forma, um traço. Cada pérola, um encontro raro. 

Entre em contato e conheça mais sobre nossas pérolas. 

#ColeçãoLuz",0,"07/28/2025 15:30",https://www.instagram.com/p/DMqxTS6v4LV/,"Carrossel do Instagram",,Total,26236,107,9,7,14,3566,0
18067698899327451,17841405730557330,monicametran,"Mônica Metran","Astros & western ✨ @cristallobo",0,"07/27/2025 14:00",https://www.instagram.com/p/DMoCPQDslf6/,"Carrossel do Instagram",,Total,24826,47,0,2,4,3365,0
17915664867149262,17841405730557330,monicametran,"Mônica Metran","Escapulário Luz. ✨
Delicadeza que ilumina e protege.

O Escapulário Luz une brilho e simbolismo em um design atemporal. Feito para acompanhar com leveza — e propósito.

Conheça toda a Coleção Luz.",0,"07/26/2025 10:00",https://www.instagram.com/p/DMlB-bGMriy/,"Carrossel do Instagram",,Total,23101,64,9,13,26,2357,3
18522663196029508,17841405730557330,monicametran,"Mônica Metran","MM Petit 💖
Um toque de delicadeza para os primeiros capítulos da vida.
Criada com ternura, pensada para eternizar o afeto. 

Para momentos únicos, joias que dizem o que o coração sente.

Entre em contato e descubra nossas coleções.

@victoriappinheiro",0,"07/25/2025 14:30",https://www.instagram.com/p/DMi8BacMIBG/,"Carrossel do Instagram",,Total,29001,151,14,8,10,4655,1
18122554825494631,17841405730557330,monicametran,"Mônica Metran","Diamond lights. 🌟",0,"07/24/2025 17:13",https://www.instagram.com/p/DMgp-7QN11y/,"Carrossel do Instagram",,Total,42602,102,11,11,16,5605,0
17915368737027678,17841414545936883,pedrohluchetti,"Pedro Luchetti","Uma viagem marcada pelas peças da @monicametran . Várias ocasiões, sejam as mais formais, até as mais despojadas. Peças atenporais, de qualidade, brilho, e caimento!",63,"07/24/2025 05:01",https://www.instagram.com/reel/DMfV1JssehW/,"Reel do Instagram",,Total,7557,126,6,48,0,,
17940243342028731,17841405730557330,monicametran,"Mônica Metran","Where every sparkle tells a story — poetry in diamonds and gold. ✨",0,"07/23/2025 15:30",https://www.instagram.com/p/DMd5XyIv6uh/,"Carrossel do Instagram",,Total,20426,27,3,1,4,1946,0
18035128064677545,17841405730557330,monicametran,"Mônica Metran","@tanalobo in Astros ✨

Ela usa os Brincos Astro M e Estrela Cadente Coração M, no segundo furo. O Colar Astros e Astros longo no colo e nas mãos uma composição entre os Aneis Luna, Anel Astro G e Anel Astro Coração M.

Entre em contato para saber mais.",0,"07/22/2025 15:30",https://www.instagram.com/p/DMbUgZqp_hE/,"Carrossel do Instagram",,Total,38169,84,2,6,5,13827,3
17843604990538616,17841405730557330,monicametran,"Mônica Metran","Astros & western ✨ @cristallobo",18,"07/21/2025 15:30",https://www.instagram.com/reel/DMYvwgHvVUe/,"Reel do Instagram",,Total,2844,26,2,5,2,2707,0
18047589572247891,17841405730557330,monicametran,"Mônica Metran","@mariapaula shining in gold ✨✨",0,"07/20/2025 14:00",https://www.instagram.com/p/DMWAqM2PyUC/,"Carrossel do Instagram",,Total,28261,76,4,12,9,7765,1
17940090801041777,17841405730557330,monicametran,"Mônica Metran","As Meias Alianças MM Galeria estão disponíveis em diferentes tamanhos e pontuações.
Escolha a sua favorita! 💎",17,"07/19/2025 10:00",https://www.instagram.com/reel/DMTAXrUsr4k/,"Reel do Instagram",,Total,3684,62,20,3,5,2971,1
18099849958576666,17841405730557330,monicametran,"Mônica Metran","O Brinco e Anel Amar celebram vínculos que se revelam nos detalhes — atemporais, únicos e cheios de significado. 

O Brinco Amar, disponível em três tamanhos — P, M e G — é todo cravejado em diamantes sobre o ouro amarelo 18k. 
O Anel Amar traz o contraste entre seus elos lisos e cravejados, entrelaçados. 

Entre em contato e saiba mais.",0,"07/18/2025 14:30",https://www.instagram.com/p/DMQ6hLgMZFE/,"Carrossel do Instagram",,Total,20997,47,1,4,2,1796,0
18314011873213695,17841405730557330,monicametran,"Mônica Metran","Para eles: 
Escapulário MM em ouro branco 18k; Pulseira Amar Masculina com diamantes negros e ouro amarelo 18k; e nossa Pulseira Riviera cravejada com diamantes negros — 10 pontos cada pedra. 

#ColeçãoAmar",0,"07/17/2025 15:30",https://www.instagram.com/p/DMOcikisDqT/,"Carrossel do Instagram",,Total,22191,27,1,0,4,2584,0
18073467451941637,17841405730557330,monicametran,"Mônica Metran","A huge spotlight ✨

Nosso Brinco Luna, disponível nos tamanhos M e G. Escolha o seu favorito!",0,"07/16/2025 15:30",https://www.instagram.com/p/DML3vKQv1q5/,"Carrossel do Instagram",,Total,21629,60,7,11,16,2231,0
18090138460645435,17841414545936883,pedrohluchetti,"Pedro Luchetti","Eu e meu grande amor por esmeraldas, e o quanto elas encaixam como hoje, @monicametran 🙂‍↔️ É sobre carregar, e deixar elas tomarem o caminho. Feliz no simples always✨",0,"07/15/2025 16:02",https://www.instagram.com/p/DMJWp0bt_ib/,"Carrossel do Instagram",,Total,21321,396,13,28,0,,
18105697270480912,17841405730557330,monicametran,"Mônica Metran","Clássicos Mônica Metran.

A Meia Aliança MM Galeria com 1,0ct de diamantes em ouro branco 18k.
O Escapulário MM em ouro amarelo 18k — fé e proteção com leveza.

Entre em contato e saiba mais.",0,"07/14/2025 15:30",https://www.instagram.com/p/DMGuJ6IvpM9/,"Carrossel do Instagram",,Total,21727,44,6,2,4,2033,1
18036364409653821,17841405730557330,monicametran,"Mônica Metran","Os elos em ouro branco e amarelo se entrelaçam com harmonia, revelando contrastes sutis e atemporais.
Um deles, cravejado de diamantes, traduz o brilho singular do Colar Amar — uma joia de leveza, presença e significado.",0,"07/13/2025 14:00",https://www.instagram.com/p/DMD_EybJr_R/,"Carrossel do Instagram",,Total,21749,27,0,0,0,2167,0
17893398999147568,17841405730557330,monicametran,"Mônica Metran","It’s poetry in gold 🌟 @cristallobo usa a linha Astro da nossa Coleção Estrela. 

Entre em contato e saiba mais.",0,"07/12/2025 10:00",https://www.instagram.com/p/DMA-y07srm5/,"Carrossel do Instagram",,Total,48170,240,4,3,17,14220,47
,,,,,,,,,"An error occurred while computing metadata for content with ID 18091637809643429.",Total,43134,209,24,11,117,6662,16
18105098809481179,17841405730557330,monicametran,"Mônica Metran","@tanalobo com as nossas Esmeraldas Colombianas ✨

#MMdiamonds",0,"07/10/2025 15:30",https://www.instagram.com/p/DL8a_WGM-Iv/,"Carrossel do Instagram",,Total,34417,166,4,9,18,6630,0
17944921373885902,17841405730557330,monicametran,"Mônica Metran","A elegância se revela nos detalhes. 
Joias clássicas que atravessam o tempo, com o toque Mônica Metran.

Na foto, os Solitários MM Diamonds de 2,0cts (redondos), 0,97cts (gotas) e 0,40cts (corações). Nos aneis, duas Meias Alianças MM Arcos com 10 pontos cada pedra, com 0,80cts totais.

Descubra o universo MM Diamonds.",0,"07/09/2025 15:30",https://www.instagram.com/p/DL52P4Jv2ME/,"Imagem do Instagram",,Total,26051,33,2,5,8,3289,0
17938674525028718,17841400701760332,isadorametran,Isadora,"Our diamonds… 😮‍💨🤤😍
 MM Diamonds @monicametran",24,"07/08/2025 16:19",https://www.instagram.com/reel/DL3WNyet3vN/,"Reel do Instagram",,Total,8864,130,32,13,0,,
18058957811048349,17841405730557330,monicametran,"Mônica Metran","As Meias Alianças MM Galeria foram criadas para valorizar ao máximo o brilho dos diamantes.
Seu design foi pensado para projetar as pedras, deixando-as em evidência, com leveza e imponência.

Disponíveis em diferentes pontuações — 5, 10, 12, 17 e 20 pontos — cada modelo destaca a beleza única de cada diamante. 
Na lateral, o detalhe da nossa logo esculpida reforça a assinatura MM em cada peça.",13,"07/07/2025 15:30",https://www.instagram.com/reel/DL0smKRB0uS/,"Reel do Instagram",,Total,21185,89,20,4,7,15104,37
17879260578349201,17841405730557330,monicametran,"Mônica Metran","Para eles, significado que se carrega no peito.

Os escapulários MM unem tradição e elegância em ouro 18k — uma joia com propósito, fé e sofisticação.

Entre em contato e saiba mais.",0,"07/06/2025 14:00",https://www.instagram.com/p/DLx9gsgPNsv/,"Carrossel do Instagram",,Total,22884,27,3,0,5,1820,0
18070027610068829,17841405730557330,monicametran,"Mônica Metran","✨ Glowing in every detail 

#ColeçãoLuz",0,"07/05/2025 10:00",https://www.instagram.com/p/DLu9UEiPKwG/,"Carrossel do Instagram",,Total,25286,62,1,3,5,3159,1
18335236843161902,17841405730557330,monicametran,"Mônica Metran","Timeless elegance 🤍

O ouro amarelo 18k encontra a beleza clássica das pérolas — um toque incrível entre os tamanhos e formatos, que a Meia Aliança Pérola e o Anel Degradê Único, trazem para as ocasiões.

Entre em contato e saiba mais.",0,"07/04/2025 14:30",https://www.instagram.com/p/DLs3WSwMRWy/,"Carrossel do Instagram",,Total,23459,51,3,0,8,2719,1
18143885341400780,17841400701760332,isadorametran,Isadora,"✨💖🪩👰🏻‍♀️💎

vestido @amo.easy 
joias @monicametran",0,"07/03/2025 17:05",https://www.instagram.com/p/DLqkSYXN4qb/,"Carrossel do Instagram",,Total,80988,492,63,60,0,,
18410835295099798,17841405730557330,monicametran,"Mônica Metran","O colar Luna traduz a harmonia entre a pureza dos topázios brancos e o brilho do ouro amarelo 18k, realçado pelo delicado detalhe da estrela em diamantes.
Disponível nos tamanhos M e G. 

Choose your favorite! ✨",0,"07/03/2025 15:30",https://www.instagram.com/p/DLqZaoUsSdB/,"Carrossel do Instagram",,Total,24322,98,19,27,36,3482,3
18080450662873449,17841400701760332,isadorametran,Isadora,"😮😮😮 vcs não vão acreditar no que está aterrissando na rua mais charmosa de Goiânia!! 

Quem já viu? 😍🤩✨🙃😮‍💨🤸🏻‍♀️

Obrigada meu Deus, por estar sempre me direcionando!
Ansiosa e muuito feliz!!",26,"07/02/2025 16:10",https://www.instagram.com/reel/DLn4WZnuHMZ/,"Reel do Instagram",,Total,17700,445,43,163,0,,
18068455081864673,17841405730557330,monicametran,"Mônica Metran","@isabellacastroc em Esmeraldas ✨

Nosso Brinco Cascata e piercing de esmeraldas, usado com nossa Gota de Esmeralda Colombiana em moldura de brilhantes + anel oval também de Esmeraldas Colombianas. 

Entre em contato e saiba mais.",0,"07/02/2025 15:30",https://www.instagram.com/p/DLn0s5OP9xQ/,"Carrossel do Instagram",,Total,22653,77,2,6,6,3036,2
